<?xml version="1.0" encoding="UTF-8"?>
<project-private xmlns="http://www.netbeans.org/ns/project-private/1">
    <data xmlns="http://www.netbeans.org/ns/make-project-private/1">
        <activeConfTypeElem>1</activeConfTypeElem>
        <activeConfIndexElem>0</activeConfIndexElem>
    </data>
    <editor-bookmarks xmlns="http://www.netbeans.org/ns/editor-bookmarks/2" lastBookmarkId="0"/>
    <open-files xmlns="http://www.netbeans.org/ns/projectui-open-files/2">
        <group>
            <file>file:/C:/Users/nayen/Documents/School/Moreno%20Valley%20College/CIS%20-%205/JacksonJanaye_CIS5/Hmwrk/Assignment_4/Savitch_9thEd_Chap4_Prob9_Max/main.cpp</file>
        </group>
    </open-files>
</project-private>
